{
  "Right Option Key Sends" : 0,
  "Tags" : [

  ],
  "Ansi 12 Color" : {
    "Red Component" : 0.63529411764705879,
    "Color Space" : "sRGB",
    "Blue Component" : 0.9137254901960784,
    "Alpha Component" : 1,
    "Green Component" : 0.78431372549019607
  },
  "Horizontal Spacing" : 1,
  "Draw Powerline Glyphs" : true,
  "Bold Color" : {
    "Red Component" : 0.42352941176470588,
    "Color Space" : "sRGB",
    "Blue Component" : 0.396078431372549,
    "Alpha Component" : 1,
    "Green Component" : 0.39215686274509798
  },
  "Transparency" : 0.11327293882978723,
  "Normal Font" : "MesloLGS-NF-Regular 13",
  "Guid" : "55CEC47D-1CC8-4652-ACBE-57169A62DEF7",
  "Rows" : 25,
  "Default Bookmark" : "No",
  "Ansi 2 Color" : {
    "Red Component" : 0.59607843137254901,
    "Color Space" : "sRGB",
    "Blue Component" : 0.59999999999999998,
    "Alpha Component" : 1,
    "Green Component" : 0.74117647058823533
  },
  "Ansi 6 Color" : {
    "Red Component" : 0.43529411764705878,
    "Color Space" : "sRGB",
    "Blue Component" : 0.74509803921568629,
    "Alpha Component" : 1,
    "Green Component" : 0.74117647058823533
  },
  "Cursor Guide Color" : {
    "Red Component" : 0.32156862745098042,
    "Color Space" : "sRGB",
    "Blue Component" : 0.32156862745098042,
    "Alpha Component" : 1,
    "Green Component" : 0.32156862745098042
  },
  "Non-ASCII Anti Aliased" : true,
  "Use Bright Bold" : true,
  "Ansi 10 Color" : {
    "Red Component" : 0.5607843137254902,
    "Color Space" : "sRGB",
    "Blue Component" : 0.5725490196078431,
    "Alpha Component" : 1,
    "Green Component" : 0.80392156862745101
  },
  "Ambiguous Double Width" : false,
  "Jobs to Ignore" : [
    "rlogin",
    "ssh",
    "slogin",
    "telnet"
  ],
  "Ansi 15 Color" : {
    "Red Component" : 0.6588235294117647,
    "Color Space" : "sRGB",
    "Blue Component" : 0.6588235294117647,
    "Alpha Component" : 1,
    "Green Component" : 0.6588235294117647
  },
  "Foreground Color" : {
    "Red Component" : 0.8666666666666667,
    "Color Space" : "sRGB",
    "Blue Component" : 0.8666666666666667,
    "Alpha Component" : 1,
    "Green Component" : 0.8666666666666667
  },
  "Working Directory" : "\/Users\/imtiyaz.zaman",
  "Blinking Cursor" : false,
  "Disable Window Resizing" : true,
  "Sync Title" : false,
  "Prompt Before Closing 2" : false,
  "BM Growl" : true,
  "Command" : "",
  "Description" : "Default",
  "Mouse Reporting" : true,
  "Screen" : -1,
  "Selection Color" : {
    "Red Component" : 0.46666666666666667,
    "Color Space" : "sRGB",
    "Blue Component" : 0.46666666666666667,
    "Alpha Component" : 1,
    "Green Component" : 0.46666666666666667
  },
  "Initial Use Transparency" : true,
  "Only The Default BG Color Uses Transparency" : true,
  "Columns" : 80,
  "Idle Code" : 0,
  "Ansi 13 Color" : {
    "Red Component" : 0.69803921568627447,
    "Color Space" : "sRGB",
    "Blue Component" : 0.85490196078431369,
    "Alpha Component" : 1,
    "Green Component" : 0.70196078431372544
  },
  "Custom Command" : "No",
  "ASCII Anti Aliased" : true,
  "Non Ascii Font" : "Monaco 12",
  "Vertical Spacing" : 1,
  "Use Bold Font" : true,
  "Option Key Sends" : 0,
  "Selected Text Color" : {
    "Red Component" : 0.8666666666666667,
    "Color Space" : "sRGB",
    "Blue Component" : 0.8666666666666667,
    "Alpha Component" : 1,
    "Green Component" : 0.8666666666666667
  },
  "Background Color" : {
    "Red Component" : 0.29411764705882348,
    "Color Space" : "sRGB",
    "Blue Component" : 0.29411764705882348,
    "Alpha Component" : 1,
    "Green Component" : 0.29411764705882348
  },
  "Character Encoding" : 4,
  "Ansi 11 Color" : {
    "Red Component" : 1,
    "Color Space" : "sRGB",
    "Blue Component" : 0.70196078431372544,
    "Alpha Component" : 1,
    "Green Component" : 0.89803921568627454
  },
  "Use Italic Font" : true,
  "Unlimited Scrollback" : false,
  "Keyboard Map" : {
    "0xf700-0x260000" : {
      "Text" : "[1;6A",
      "Action" : 10
    },
    "0x37-0x40000" : {
      "Text" : "0x1f",
      "Action" : 11
    },
    "0x32-0x40000" : {
      "Text" : "0x00",
      "Action" : 11
    },
    "0xf709-0x20000" : {
      "Text" : "[17;2~",
      "Action" : 10
    },
    "0xf70c-0x20000" : {
      "Text" : "[20;2~",
      "Action" : 10
    },
    "0xf729-0x20000" : {
      "Text" : "[1;2H",
      "Action" : 10
    },
    "0xf72b-0x40000" : {
      "Text" : "[1;5F",
      "Action" : 10
    },
    "0xf705-0x20000" : {
      "Text" : "[1;2Q",
      "Action" : 10
    },
    "0xf703-0x260000" : {
      "Text" : "[1;6C",
      "Action" : 10
    },
    "0xf700-0x220000" : {
      "Text" : "[1;2A",
      "Action" : 10
    },
    "0xf701-0x280000" : {
      "Text" : "0x1b 0x1b 0x5b 0x42",
      "Action" : 11
    },
    "0x38-0x40000" : {
      "Text" : "0x7f",
      "Action" : 11
    },
    "0x33-0x40000" : {
      "Text" : "0x1b",
      "Action" : 11
    },
    "0xf703-0x220000" : {
      "Text" : "[1;2C",
      "Action" : 10
    },
    "0xf701-0x240000" : {
      "Text" : "[1;5B",
      "Action" : 10
    },
    "0xf70d-0x20000" : {
      "Text" : "[21;2~",
      "Action" : 10
    },
    "0xf702-0x260000" : {
      "Text" : "[1;6D",
      "Action" : 10
    },
    "0xf729-0x40000" : {
      "Text" : "[1;5H",
      "Action" : 10
    },
    "0xf706-0x20000" : {
      "Text" : "[1;2R",
      "Action" : 10
    },
    "0x34-0x40000" : {
      "Text" : "0x1c",
      "Action" : 11
    },
    "0xf700-0x280000" : {
      "Text" : "0x1b 0x1b 0x5b 0x41",
      "Action" : 11
    },
    "0x2d-0x40000" : {
      "Text" : "0x1f",
      "Action" : 11
    },
    "0xf70e-0x20000" : {
      "Text" : "[23;2~",
      "Action" : 10
    },
    "0xf702-0x220000" : {
      "Text" : "[1;2D",
      "Action" : 10
    },
    "0xf703-0x280000" : {
      "Text" : "0x1b 0x1b 0x5b 0x43",
      "Action" : 11
    },
    "0xf700-0x240000" : {
      "Text" : "[1;5A",
      "Action" : 10
    },
    "0xf707-0x20000" : {
      "Text" : "[1;2S",
      "Action" : 10
    },
    "0xf70a-0x20000" : {
      "Text" : "[18;2~",
      "Action" : 10
    },
    "0x35-0x40000" : {
      "Text" : "0x1d",
      "Action" : 11
    },
    "0xf70f-0x20000" : {
      "Text" : "[24;2~",
      "Action" : 10
    },
    "0xf703-0x240000" : {
      "Text" : "[1;5C",
      "Action" : 10
    },
    "0xf701-0x260000" : {
      "Text" : "[1;6B",
      "Action" : 10
    },
    "0xf702-0x280000" : {
      "Text" : "0x1b 0x1b 0x5b 0x44",
      "Action" : 11
    },
    "0xf72b-0x20000" : {
      "Text" : "[1;2F",
      "Action" : 10
    },
    "0x36-0x40000" : {
      "Text" : "0x1e",
      "Action" : 11
    },
    "0xf708-0x20000" : {
      "Text" : "[15;2~",
      "Action" : 10
    },
    "0xf701-0x220000" : {
      "Text" : "[1;2B",
      "Action" : 10
    },
    "0xf70b-0x20000" : {
      "Text" : "[19;2~",
      "Action" : 10
    },
    "0xf702-0x240000" : {
      "Text" : "[1;5D",
      "Action" : 10
    },
    "0xf704-0x20000" : {
      "Text" : "[1;2P",
      "Action" : 10
    }
  },
  "Window Type" : 0,
  "Blur Radius" : 10,
  "Background Image Location" : "",
  "Blur" : true,
  "Badge Color" : {
    "Red Component" : 0.44313725490196082,
    "Color Space" : "sRGB",
    "Blue Component" : 0.44313725490196082,
    "Alpha Component" : 1,
    "Green Component" : 0.59607843137254901
  },
  "Scrollback Lines" : 1000,
  "Send Code When Idle" : false,
  "Close Sessions On End" : true,
  "Terminal Type" : "xterm-256color",
  "Visual Bell" : true,
  "Flashing Bell" : false,
  "Silence Bell" : false,
  "Ansi 14 Color" : {
    "Red Component" : 0.41960784313725491,
    "Color Space" : "sRGB",
    "Blue Component" : 0.79607843137254897,
    "Alpha Component" : 1,
    "Green Component" : 0.792156862745098
  },
  "Name" : "Default",
  "Cursor Text Color" : {
    "Red Component" : 0.29411764705882348,
    "Color Space" : "sRGB",
    "Blue Component" : 0.29411764705882348,
    "Alpha Component" : 1,
    "Green Component" : 0.29411764705882348
  },